cluster,project_id,title
1,10103,長野県の保護猫カフェを改修して、共同シェルターを作りたい！
1,10128,目指せ猫の殺処分ゼロへ！保護した猫に新しい家族を見つけたい！
1,10149,ハンディ猫の保護を目指して！盛岡の中心地にシェルターを開設！
1,10159,片眼で頑張る猫のモモを元気にするために治療を続けたい！
1,10167,沖縄市の老齢化した猫の安住の地をつくり尊い命を守っていきたい
1,10248,愛知県知多半島の海を守る！「ゴミ持ち帰り運動」の定着！
1,10670,小さくても命！野良猫たちの不妊手術と子猫の治療をしたい！
1,10674,人為的に怪我をした「希ちゃん」を人間の手で幸せにしたい！
1,1070,千葉県の畜産を盛り上げる”ガールズユニットＣｏｗＭｉｘ”を応援したい！
1,10898,千葉県東庄町。イノシシから農産物と住民を守りたい！
1,10993,福島の子ども達を福井へ！冬の「福福子どもの笑顔プロジェクト」
1,1168,在宅ケアの現場によろこびを！訪問ドッグセラピープロジェクト！
1,1171,保護犬の「預かり施設」を、犬と人が自然に触れ合える環境に！
1,11825,美味しいジビエ（鹿肉）を、最高の状態で全国の方に届けたい！！
1,1227,ドッグウォーキングイベントで１匹でも多くの捨て犬を救いたい！
1,1321,聴導犬・介助犬に貢献した犬たちの「供養メモリアル」を創りたい
1,13462,地元、南三陸町の海で泳ぎたい！長須賀海水浴場復活大作戦！！
1,13691,沖縄保養プログラムに参加する福島の子どもたちに甲状腺検査を。
1,13704,築200年の古民家を生まれ変わらせ 気軽に帰れる田舎をあなたにも
1,13981,こども達が豊かに育つ【つどいの木】をみんなの想いで残したい！
1,14054,人とクマの共存のために働く犬「ベアドッグ」の出産に挑戦！
1,15341,人の都合で捨てられるヤギを救うため、放牧場を建設したい！
1,1575,動物殺処分ゼロへ！新しい寄付の仕組を導入したサイトを作りたい
1,16490,水俣病歴史考証館開館３０周年記念改修プロジェクト
1,17067,新鮮なお野菜を直接売り買いできるプラットフォームを作りたい！
1,17248,豊田市の鳥獣被害を減らし、捕獲した後しっかりいただくために。
1,17269,さくらねこTNR活動で大阪 梅田を世界一猫に優しい歓楽街に！
1,17309,数が増え飼育しきれなくなった59匹の猫を救ってあげたい。
1,17723,保護猫の『里親募集スペース』再スタートを応援してください！
1,18885,命のバトンを繋げたい！保護猫ちゃん達にずっとのお家を！
1,18998,動物飼育の正しい知識を広めて、人と動物の幸せを考えたい！
1,19240,殺処分ゼロへの一歩。飼い主のいない猫へ不妊手術をしたい
1,19278,無駄に散る動物たちの命を繋げるための動物保護施設を作りたい！
1,19446,国分牧場とお客様をつなぐ！直売×カフェ×農業体験の複合施設を
1,19475,保護猫や老猫、病気の猫の居場所を作りたいと思います。
1,19530,死ぬために生まれた命を見捨てない！第二シェルターを作りました
1,1976,関西の施設で保護された捨て犬捨て猫をハープの音色で癒したい！
1,19781,行き場を無くした保護犬達を幸せへと繋げたい！
1,20328,防災グッツの製造加工場を作りたい！
1,2053,鹿児島だけに生息する『トカラ馬』と触れ合える牧場を創ります！
1,22142,処分されていた宝石の存在を知ってもらい再利用してもらいたい！
1,22254,怪我をしたとたん人間に捨てられた２匹の猫の命を助けたい！！
1,22430,虐待され捨てられた「ゆめ」の安心して過ごせる環境を作りたい
1,22892,ボロボロになるまで働かされる家畜たちに「最初で最期の幸せを」
1,23109,保護犬コツオに手術と治療を！「放置うんちゼロ」で活躍の場を！
1,23411,保護猫カフェの健全な運営とボランティアの拠点めざす第一歩
1,23526,不幸な命を増やさないために去勢避妊手術にご協力ください！
1,23532,住吉浜の海を綺麗に安全に、利用される方により快適な浜を！
1,24143,年間4万頭を超える犬猫の殺処分をゼロにしたい！
1,24252,京大ユースホステルクラブ部室を美化して返却プロジェクト
1,25467,飼い主のいない猫30頭の不妊手術を実行します
1,2617,不妊手術をおこなう医療車を完成させ被災地や日本全国を回りたい
1,26413,猫に癒され心身健康に！珍しい猫村ファスティング宿をオープン
1,26547,Arco PROJECT 子どもたちを救おう。
1,26637,世界一楽しい南伊豆の自然が生んだ原画スカーフ
1,2729,古民家を改修し、子供たちと捨て犬がふれあう犬の保護施設を！
1,2880,福島で家族を失った犬をセラピードッグに育て人を救う新たな道を
1,28957,交通事故にあった猫ちゃんを支援してください
1,2944,保護した犬や猫たちが思いっきり走れるドックランを作りたい。
1,3169,保健所から来た下顎の折れた捨て犬の治療をしてあげたい！
1,3197,庄内の森林から作った猫砂ペレットを商品化し動物と自然の保護を
1,3270,「震災で消えた小さな命展」で、動物の命の大切さを伝えたい
1,3340,ペットショップに子猫を販売しないキャテリーの専門サイトを構築
1,3429,行き場のない猫たちに温もりのある保護施設を作りたい！
1,3614,セラピードッグに会いにくる方のためにカフェをバリアフリーに！
1,3696,避妊・虚勢を行い虐待で命を落とした湖夏のような猫を無くしたい
1,3710,殺処分ゼロを目指すイベント「ねこフェスタ」を原宿で開催したい
1,3772,ペットのための鍼灸ケア法を自宅で学べるWEBスクールを作りたい
1,3911,殺処分ゼロを目指し、保護猫と里親をつなぐサイトを作りたい！
1,4047,事故で重傷を負った猫のクロちゃんを再生医療手術で救いたい！
1,4108,「ある犬のおはなし」の小さな冊子をたくさんの人へ届けたい。
1,4109,こどもたちへ「いのちの授業」の聴覚体験に使用する聴診器を！
1,443,病気に苦しむ捨て犬たちに必要な治療を受けさせてあげたい！
1,4632,老若男女の憩いの場である茨城県の公共施設を除菌・消臭したい！
1,4675,愛犬を災害救助犬・訪問活動犬にするための訓練場を整備したい！
1,4715,保護猫がのんびり余生を過ごせるケアハウス付きキャットランを！
1,4803,保護猫が新しい家族と出会える譲渡型ネコカフェを作りたい!!
1,4984,動物たちを癒す大内山動物園！保護した仔猿の住み家を建てたい！
1,4997,北海道の新たな物産を作るための「エゾシカ資源化プロジェクト」
1,503,「気仙沼 Dog Place」被災地で頑張るペット達に交流の場を！
1,5128,一生のパートナーに出会えるドッグラン！大阪の動物保護譲渡施設
1,5276,～ライブチャットで里親探し配信～保護猫を生涯安心の生活へ！
1,5408,野良猫さん達の不妊手術専門病院を開設し、殺処分ゼロへ！
1,5423,猫も人も癒されるメモリアルパーク（共同墓地）をつくりたい！
1,551,介助犬育成のためのDog Runを拡張するプロジェクト
1,5514,ねこの殺処分ゼロを目指すシェルターの運営危機を解決したい！
1,5563,アニマルシェルター・里親サロンでいのちをつなぐ
1,5602,犬猫と共に暮す喜びを歌で拡げ、一人ひとりの心から殺処分０に！
1,5767,山羊による除草を福岡県黒木町で行い、地域に貢献したい！
1,5966,もっと沢山の飼い主さんに出張ドッグシャンプーを使ってほしい
1,6028,宮崎で保護される犬猫3800匹の命をつなぐ愛護センター設立を！
1,6061,ドッグランを造り、保護されず殺処分となる犬がゼロの社会へ！
1,6212,犬や猫のコラムを見るだけで寄付ができる情報サイトを作りたい！
1,6255,レッテルをはられた命を救いたい。岩手の動物保護施設の建設
1,6313,環境に優しいペット向けログハウスで、被災地の動物を助けたい！
1,6317,全ての動物との共生、共存を考えるイベントを京都で開催したい！
1,6351,9月6日を「カラスの日」に記念日登録しカラスの魅力を広めたい！
1,6381,虐待で尻尾を失った猫の治療をしてあげたい！！
1,6419,真冬には‐20度になる北海道長沼町に暖かい猫舎を建築したい！
1,6488,長野県上田市に保護猫カフェを作りたい！！
1,6500,犬猫のことで困ってる方への道標　解決NOTESを制作したい！
1,6503,殺処分をまぬがれ、1000人の心を救った犬の移動手段を確保したい
1,6522,猫と一緒に老人養護施設を訪問し、お年寄りたちの心を癒したい！
1,6552,宮城県にある台風で破損したドッグランの通路と囲いを補修する！
1,6569,犬達が笑顔で過ごせる新しい犬舎の建設にご協力ください！
1,6572,殺処分を待つ老犬や障害犬を安全なバリアフリー施設に保護したい
1,6575,人間の都合によって捨てられた身寄りのない犬たちを救いたい！
1,6592,保護した猫たちに新しい家族を！シェルター兼譲渡会場を開設！
1,6714,保険所から救出した下顎の折れたココちゃんの治療をしてあげたい
1,6722,ラオスの動物園のジャッカル2頭が自由に暮らせる空間を森に！
1,6802,埼玉県にいる6匹の野良猫たちに安心して暮らせる場所を届けたい
1,6826,セラピードッグ育成訓練施設を作り、高齢者へ笑顔を届けよう！
1,6909,狭くて劣悪な環境に閉じ込められていた14匹の猫たちを救いたい！
1,6942,地域猫の保護活動を支援するイベント「猫の世界」を開催したい！
1,7049,保護したワンちゃん達が新しい家族と出逢う為の場所を作りたい！
1,7216,5000匹が殺処分される山口県で猫の命をつなぐ旅館をつくりたい！
1,7367,全国の獣医師が復刻を熱望するフレキシブルアリゲータ鉗子の製作
1,7371,被災地などで保護された猫のための、猫カフェをオープンしたい！
1,7526,失明した保護ネコを助けるため、治療・手術を受けさせたい！
1,7762,86歳のおばあちゃんからのSOS！23匹の猫を助けたい！
1,7766,滋賀県に敬遠されがちな日本犬のためのドッグランを作ります！
1,7778,保護犬・猫が新しい飼い主と出会える新しい仕組みをつくりたい！
1,7814,独居高齢者におき去りにされてしまった猫たちの命を救いたい
1,7828,愛犬・愛猫のそれぞれの健康に合わせたペットフードを製造したい
1,7935,獣害対策犬として働く保護犬達のために犬舎の屋根を新調したい！
1,7966,家宅侵入により行方不明となったダックスのるいくんを探したい！
1,8023,愛知県 東三河の悲惨な「猫捨て場」の猫たちを救いたい！
1,8109,里親探しのウェブサイトを作成し、多くの動物たちを救いたい！！
1,8234,3000匹の猫が殺処分される兵庫県で「保護猫カフェ」を作りたい！
1,845,保護された猫が新しい家族と出会えるカフェを作りたい！
1,8663,ドッグランを改修して、飼い主のいない犬の生活に幸せを！
1,8674,保護馬の奇跡！生まれた子馬のためにも安全な環境をつくりたい！
1,8713,チャリティコンサートを通じて、動物保護団体の支援をしたい。
1,8741,行き場のない犬猫の保護施設を整備し保健所への収容を減らしたい
1,8908,増える高齢者による多頭飼育崩壊や飼育放棄された猫を救いたい！
1,8991,日本で唯一！ペットと暮らせる老人ホームの犬・猫達を守りたい
1,9021,「出会えたら救えたのに」そんな命を救うため総合サイトを作成！
1,9022,飼い主と新しい里親をつなぐドックレスキュ―ハウスを建てたい！
1,9032,ゼロから立ち上げたい！重症度の高いワンちゃんを介護する施設を
1,9126,雑種の雌犬の不妊手術で１匹でも多くの殺処分される命を救いたい
1,9159,日本最大級！保護団体の動物情報を１つに集約したサイトを制作！
1,9263,老朽化した施設を修繕し、13頭のウルフドッグ達を保護したい！
1,9400,小さなお子さんにも届く、動物愛護のグッズを制作したい！
1,9406,犬猫を保護した際、病気伝染を防ぐ為の隔離室を緊急設置したい！
1,9428,イルカのフラフで室戸を盛り上げイルカにふれあう機会つくりたい
1,9618,猫・犬の写真を365枚集めて、日めくりカレンダーを作成したい！
1,9637,猫180匹が暮らす施設を危険な山奥から安全な場所へ移転したい！
1,9658,” 北風と太陽作戦 ” 沖縄久米島のワンコに避妊の贈り物を!!
1,9663,埼玉県秩父の野良猫50匹の不妊治療手術で不幸な猫を減らしたい!
1,9786,岐阜県の猫殺処分を0に！駅から徒歩5分の総合保護猫施設を開設！
1,9799,大阪北部の野良猫のために猫舎「しっぽ天使のおうち」を建てたい
1,9840,愛犬が健康で長生きできるように簡単・安心の未病発見サービスを
1,9866,"秋田県由利本荘市の""猫カフェ柚の家""の猫たちの治療費を集めたい"
1,993,音楽劇を通して「命の大切さ」「動物のきもち」を子供達の心に響かせる♪
1,9951,お尻の穴がなく排泄のできない「みぃちゃん」を救いたい！
2,10204,アウトドア＋清掃活動！SUPボードで大場川のゴミ拾いをします！
2,10255,河口湖から有機農業と自然エネルギーで、エコな社会を作りたい！
2,10403,造形作家の方が安全に作品が作れる環境を！「水性樹脂」の開発！
2,10518,渡り鳥と蓮の聖地　宮城県伊豆沼に食農体験ファームを創りたい!!
2,10658,自然循環型農法をもっと多くの人に伝える施設を作りたい。
2,10687,女性の樹木医さんによる、樹木の魅力を伝えるアプリを製作！
2,10693,こっこ保育園に市民のおひさま共同発電所を設置しよう！
2,10736,花粉対策にも効果あり！廃棄木材を圧縮して、歩道レンガに！
2,10759,マダガスカルでの挑戦！環境の保全と教育で子どもたちに笑顔を！
2,10992,日本初、山の専門家育成プログラムが始動！意欲ある学生に支援を
2,11149,東京五輪 トライアスロン会場を定期的に潜水し水質を調査したい
2,1119,東日本大震災で被災した海浜で植生の回復に取り組みたい！
2,11378,動物も人も守れ！人里を巡回する「動物型ロボットかかし」開発
2,11526,川越市鯨井の「なぐわし公園」にホタルを復活させたい
2,11542,環境美化×サッカー応援!?ベトナムにうちわを届けたい!
2,11612,先祖代々の竹藪を整備し、多くの方へおいしいタケノコを届けたい
2,11617,ポイ捨て禁止！北海道で携帯ゴミ入れを1000個配りたい
2,11736,ミツバチを守り、繁殖させることで、果樹王国・山形を支えたい！
2,11755,絶滅の危機に瀕したオランウータンの保護活動をサポートしたい！
2,11779,プロ散歩師の挑戦！日本のすべての道を徒歩で踏破したい！
2,11785,北海道十勝、池田町の製炭業を守るため森の管理人を増やしたい！
2,11816,田中直子さんのピンプンガジマルの絵を、名護市に寄贈したい。
2,11859,藝大キャンパスの保存林を永く愛される森として守り続けたい
2,1197,学生が農業でアルバイトをする為無人販売ボックスを増設したい！
2,11976,""" 木育 ""を通じて荒れた森を子どもたちと一緒に復活させたい！"
2,12217,インドのお母さんたちの願い。コットン畑で働く子どもに教育を。
2,12398,瀬戸内最後の楽園 上関の自然と未来のための拠点をつくりたい！
2,12463,天草で父から受け継ぎ46年。温州みかんをつくり続けていきたい！
2,1248,1枚の紙で世界を救う〜アフリカにバナナペーパー工場を〜
2,12517,自然食へのこだわり。ティアのテイクアウト専門店を開店したい！
2,12579,日本棚田百選！山形県「大蕨棚田」の元気を再生したい！
2,12705,地域の山の木を活かすコミュニティーハウスづくりを応援したい！
2,12991,江戸時代の循環農業が今も息づく「武蔵野」の輝きを広く伝えたい
2,13219,地球に緑を！マラソンを通じて日本人として植林活動に貢献したい
2,13369,廃材×フラワーアレンジ！エコな素材を使ったワークショップ開催
2,13440,青森県階上町で新規就農にチャレンジする若者を応援したい！
2,13470,国産のスギとヒノキを使ってハープを作り、森の再生に貢献したい
2,13527,地域の未利用資源を「炭化して発電する」仕組みを開発したい！
2,13686,"4年に1度 世界""食の会議""参加へ。スローフード運動を広めたい!"
2,13766,伝統衣装で豊かな自然を守る孟子不動谷の田植えを知って欲しい！
2,13787,鹿児島のシンボル・桜島を盛り上げたい！玄関口に賑わいの場を！
2,13858,省エネした人がお得に！家庭の光熱水費が分かる省エネナビCO2
2,13878,どんなエネルギーにもリスクはある！まずは話し合ってみよう！
2,13895,群馬 樹齢600年の長学寺・大銀杏が台風で倒木！再生保護に挑む
2,13917,宗像海人族を探る。海を護る太古の知恵を国連海洋会議で発信！
2,13924,海女発祥の地・宗像。神を祀る、「豊かな海」を取り戻したい
2,13926,電動船で切り拓け！海を護りながら進む、未来の船を宗像から発信
2,1397,全国林業地密着取材ー森の仕事リクルート情報サイトの作成！
2,14094,日本のごみ分別システムと収集車を、セブの村に届けたい！
2,14243,残そうニホンライチョウ！絶滅の危機にあるライチョウを救いたい
2,1428,子供たちに映像と音楽と朗読で、「水育」（水の大切さ）を伝える
2,14307,次の世代に繋ごう！保津川の環境を守るファンラン再開催！
2,14325,十日町市松之山。昔ながらの米作りを通して、地区の魅力を発信！
2,14394,素敵ないいことはじめよう。10年ぶりのBeGood Cafe
2,14480,安全やマナー啓発の教科書に。沖縄の釣り漫画を出版したい！
2,14519,煙の被害に悩むトワンテのお母さんたちに、コンロを届けたい！
2,14732,絵本「牙なしゾウのレマ」を全国へ！小学校読み聞かせキャラバン
2,1474,オランウータンの棲む森と先住民の暮らしを守るエコツアーを開く
2,14890,「杉原千畝」ゆかりのリトアニアに日本のシンボル“桜”を植樹！
2,14954,千葉県産「山武杉」の家具で「森の更新」を！
2,14969,琵琶湖の外来魚を駆除するために、学生が釣りイベントを開催！
2,15032,環境に優しい農業を徹底的に実践！ソーラーパネルを設置したい！
2,15060,次世代を担う子供たちへ。平和と地球についての物語を広めたい！
2,15073,"淡路島から、もっと人が良くなる""食""を広げるための空間づくり！"
2,15113,10年以上手つかずだった、山梨県甲州市の耕作放棄地にもみの木を
2,15228,真っ黒な大地に森林を！インドネシア1000本植林プロジェクト
2,15263,自然と人、人と人とがつながる「竹ハウス」をみんなで作りたい！
2,1542,マンション建設で伐採予定の枇杷の樹を移植し命を未来に繋げたい
2,15428,福島県裏磐梯の秘境で、商用電力を使わない青空音楽会を開催！
2,15558,「My都市鉱山バッグ」を広め小型家電からの金銀等回収を進めたい！
2,15813,みんなの力で二ホンリスを守りたい！！　～人と自然の架け橋～
2,15854,レンズを通して三浦の海の魅力を再発見！写真コンテスト2018開催
2,15901,「土づくり」にこだわった大人の農業スクール運営サポーター募集
2,16130,「あきらめなければ、夢は叶う」小学校の池にホタルを呼ぼう！
2,16156,七大陸最高峰セブンサミットへ挑戦し、自然の大切さを広めたい！
2,16273,みんなで地域おこし！岡山で里山再生×原木椎茸栽培プロジェクト
2,16292,廃校の危機を乗り越えた、城山西小学校と孝子桜の奇跡を映画に！
2,16504,PM2.5予測システムを今後も継続運用していくために
2,16612,海の魅力を再発見！海と人をつなぐ新たな拠点を一宮海岸に
2,16678,誰も入れない幻の島。鳥・花・馬が共生するユルリ島を守りたい！
2,16850,ゴミ拾いの常識を覆す！「ピックアップスケート」の日本展開へ！
2,16933,静岡市中山間地の農産物を猪から守りたい！檻オーナーを募集！
2,16975,スリランカの密林に探検調査へ！ 幻の遺跡を白日の下に！
2,17010,洞爺湖で、地球からの愛を体感しながら学ぶ植樹祭を開催したい。
2,17095,アメリカで活動している日本人ボランティア団体の輪を広げたい！
2,17124,身近な自然を守るため、その魅力をYouTubeで発信したい！
2,17196,心に海を届けたい。海への切符、ポストカード絵本が誕生♪
2,17232,田辺市の竹害を改善する活動に支援をしてほしい
2,17237,モンゴルで住民と共に取り組む、持続可能な砂漠化防止システム
2,17266,木製オーナメントを購入し、自然と生き、持続を目指す活動に参加
2,17358,奄美大島の伝統芸能をVR化したい
2,17367,「松川ホタル復活大作戦」伊東市の市街地にホタルを呼び戻す！
2,17371,洪水も防ごう！人と雨水の距離が近づく拠点、雨庭テラスをつくる
2,17485,高校2年生が2030SDGsカードゲームで未来を変える
2,17537,今、あなたが未知の国パプアニューギニアへ”渡航”すべき理由
2,17540,京都音楽博覧会2018。環境・文化・音楽を“くるり”と繋ごう。
2,17547,たべもの？いきもの？鹿とどっぷり向き合う食肉処理施設の建設
2,17619,ハワイの海を後世に残すため、カメラマンの僕が今できることを
2,17656,コーヒー×観光で東ティモールの小規模コーヒー農家の収入向上
2,17734,うなぎバイオロギングが繋ぐ夢の世界
2,17786,環境・人権・動物・平和…「企業のエシカル通信簿」をつくりたい
2,17819,大阪南部にある限界集落「小川バレー」に地域の居場所づくりを！
2,17907,福井の食文化を次世代に。アラレガコの出汁醤油を開発！
2,17919,山梨大学の挑戦！県内のPM2.5による健康被害をなくすための研究
2,17920,沖縄美ら海の危機を救うビーチクリーン活動チームをつくりたい。
2,17956,”ブータン王国”有機農業100%の国造りを実現するために！
2,17962,朝暘山からニセイカウシュッペ山への古えのルート復活へ
2,17992,社会をよくするアイデア創出カードゲームでSDGsを促進したい
2,18085,福島県田村郡三春町の荒れ果てた雑木林を開拓し、福島の楽園に！
2,18126,地球を救う不思議な力を持つピューレを世界の子供たちに発信！
2,18152,動物たちを解放したい！日本一周！動物園水族館調査【南日本編】
2,18204,独自の伝統文化を絶やさぬよう、タイの山岳民族に学びの場を。
2,18305,国立競技場の木をコカリナに蘇らせ、子ども達へ届けたい！
2,18310,片付けをもっと楽しく！片づけセラピストが新たな方法をご提案！
2,18422,琉球弧アダンサミット2018を石垣島で開催したい！
2,18435,いのちをつなぐ 地球と共に生きる飲食店をつくる！
2,18507,ウガンダで日本の学生や社会人に異文化交流の機会を作りたい
2,18567,北海道十勝の子どもに本物の木登り（ツリーイング）をしてほしい
2,1864,夢ゆり草（アルストロメリア）のファンを１人でも多く増やしたい
2,18661,北海道斜里町でヒグマと共存するためのゴミステーション設置を！
2,18662,掛川市つま恋で「森の音楽家たちの祭典」開催！
2,18691,角島大橋の絶景！イルカも選んだ奇跡の海の感動をあなたに！
2,18770,インド最貧州で持続可能な学校を目指してゲストハウス建設に臨む
2,1885,使用済みのてんぷら油などから作る地球に優しい燃料を作り続けたい！
2,18945,全国行脚の塗り替え隊出動準備に向けて！
2,1896,環境に配慮した商品を扱っているか全国のスーパーで一斉調査！
2,19049,大阪のてっぺんで自然豊かな風景みつけた！
2,19058,未だ意識不明の父のために、台風で壊れた工場を修復したい
2,19218,子どもも大人も楽しめる 地球体感いきもの事典をつくりたい！！
2,19251,人と観光資源が魅力な徳島県海陽町。みんなで盛り上げたい！
2,19346,薪ボイラー導入！エネルギー地産地消のモデルケースを作りたい！
2,19476,トチギハッキョ・ツリーハウスプロジェクト
2,19516,【高校生プレゼンツ】感染症で亡くなる子どもを減らしたい！！
2,19587,山形県天童市／初心者にも手軽に楽しめるキャンプを提供したい！
2,19826,映画「0円キッチン」をハッピーアースデイ大阪で観たい！！
2,19863,船橋市で税金を使って捨てている梨の枝を再利用して化粧品を作る
2,19956,水のエネルギーを使って被災地に電気を届けたい！
2,19992,人々を導いてきた悠久の星空。熊野古道で星空ツアーの拠点を！
2,20057,アイヌ文化・歴史を日本語版・英語版、一冊にまとめて出版したい
2,20130,野生のニホンミツバチと我々人間が共存できる地域環境を作る
2,20292,九州産の木材を使い「日本製のひつぎ」の開発・普及を行いたい。
2,20457,ペレットが北国の猫を救う！ペレットストーブ＆猫砂普及大作戦！
2,2052,新田湧水群の保全を行いホタルの生息地を再生したい
2,20688,大気汚染が深刻なモンゴルの子どもたちに室内遊び場を作りたい！
2,20707,トマトを食べて竹林をエネルギーに！「食」が起点の循環型社会。
2,20750,【殺人ゴミ山】をインドネシアから無くしたい！
2,20962,はたらく馬と共に「懐かしい未来」へ！里山&茶畑再生PJ
2,21143,どうすればごみは助けられる？子どもたちと楽しく学べるゲーム
2,21180,室外機の騒音に悩む人を一人でも多く救いたい！！！
2,21183,一人の声からみんなの声に！
2,21198,苦節２５年、森の中の自然体験の場“里乃駅”をオープンしたい！
2,21213,房総の耕作放棄地を再生し、新たなオリーブの産地にしたい！
2,21388,広島県呉市で、竹チップを活用した新たな事業を生み出したい！
2,21401,絶滅種に指定されてしまったニホンカワウソの調査活動。
2,21513,大都会・東京に隣接する海の新たな一面を切り出す〜TOKYO BAY〜
2,21515,地球に感謝し、みんなと繋がる。アースデイ碧海油ヶ淵2019開催！
2,2155,チリ先住民の森と伝統を守るため自生する海藻から薬を作りたい
2,21568,山形の学生が「海洋ゴミ」問題に向き合うイベントを開催したい！
2,21581,高校生たちにSDGsについて考えるきっかけを！
2,21709,「酒蔵YOGA2019-西日本豪雨災害チャリティ-」
2,21740,人にも環境にも優しい竹あかり。和歌山から社会を明るく元気に！
2,22017,"1日864,000㎥減。安城市・矢作川水源の森をあなたと守りたい。"
2,22018,世界初！世界遺産の高解像度VRのポータルサイトをつくります！
2,22148,ウミガメ、屋久島へ上陸間近！産卵期の砂浜守り新たな命を大海へ
2,22156,自然と共に過ごす、森のようちえん。10周年記念の本を出版！
2,22302,絶滅危惧種のサシバを守るために「サシバの里物語」を再販したい
2,22347,山と自然と人を見つめる「山の恵みの映画たち2019」開催
2,2251,世界文化遺産の富士山・朝霧高原の景観を守る住民活動を支援！
2,22587,在日留学生×農業×地方の新しい助け合いづくりへ。大学生の挑戦
2,22679,ソーラー・人力ボートレース大会で協会記録に挑戦します
2,22721,使われなくなった文房具を世界の子どもたちに届けたい！
2,2279,荒れた竹林を宝に変える発酵竹パウダー作り手・使い手倍増計画！
2,22816,奄美のジュラシック・ビーチを守れ！住民訴訟に力を貸して下さい
2,22885,「iGEM-KSU」の挑戦！合成生物学の国際大会「iGEM」に出場したい
2,2298,野鳥マップ作成を通じて北海道帯広市の野生生物と森林を守る！
2,23199,動物の犠牲に溢れた美意識を変えたい！
2,23240,東京と掛川を結ぶ、きっかけづくりを！地方の魅力を多くの人へ！
2,23253,世界平和を学生間の対話から　第65回国際学生会議
2,23501,宇宙人のような父と【営農型ソーラーシェアリング】
2,23516,小児がんについて考えよう。患者と社会を繋ぐ交流の場を広島に。
2,23520,森からまちへ命をつなぐ「備蓄木」普及プロジェクト！
2,23529,スリランカの未来のため エビ養殖場の水質改善プロジェクト発足！
2,23542,植物を植えるように建物をうえたい！！
2,23774,無農薬生産者コミュニティ創出。安全な農業と食を守りたい
2,23820,2050年に「地球で一番最初に沈む」と言われている国を救いたい！
2,2383,都市型家庭菜園＊完全手作り無農薬野菜！食の調和と地域の輪
2,23861,大阪・新今宮を世界との玄関口へ！美化啓発キャンペーン
2,23883,加賀藩御台所米由来のコメと塩干物類など贈呈、記念碑に刻名
2,24075,パラオと日本25周年！平和と友愛の軌跡を次世代に伝えたい！！
2,24172,レンズに映そう！三浦の海　海洋教育写真コンテスト開催
2,24183,【第2弾】傷んだ本の修理技法書を作り、本の寿命を守りたい。
2,24496,芸術祭でにぎわう香川県豊島。環境を考える野外彫刻を展示したい
2,24542,「健康な森ってどんな森？」を学ぶきこり体験を子どもたちに！
2,24672,子どもたちを原生林に連れていきたい！！～本当の森体験ツアー
2,24854,「農Biz」兼業農家・小規模農家の魅力を未来へつなげたい
2,25013,ネクスファの小学生が開発したカードゲームを製品化したい！
2,25156,日本の全46種を知る『特盛山椒魚本』をつくりたい！
2,25160,富士山の麓で人力発電遊園地を舞台とする「魔笛」を上演します！
2,25245,『見えない油』と失われる動物。ひとつの石けんが変える未来。
2,25390,日本蜜蜂を通じて自然環境保護、心・暮らし・地域を豊かにしたい
2,25413,鉄人野人 全緑挑戦！トライアスロン聖地 米子/境港 に芝生広場を
2,25472,フランス　パリで個展開催（希少伝統工芸家）
2,25708,愛しい人に「好き。」が伝わるクラフトビールつくりました。
2,25744,SDGsを通じてアジア市場を盛り上げるフォーラムを開催したい
2,26059,この発電装置の実用化で未来エネルギーと地球環境の改善を
2,2631,貴重な自然の保護・調査のためにドローンを購入したい！
2,26461,京都音楽博覧会2019。環境・文化・音楽を“くるり”と繋ごう。
2,26913,ゑこの和　～着物とエコで世界に和（輪）を広げるプロジェクト～
2,27018,人類が排出した二酸化炭素がサンゴ礁に溶け込んだ量を調べたい！
2,27499,カナダでカヤック160キロの川下り、オーロラハントに挑戦！
2,2977,インドネシアから先生を日本に呼んで、村のゴミをゼロにしたい！
2,3079,保育苗ブロックを利用し中国とモンゴルの砂漠地再生を目指したい！
2,3154,ケールのイメージを変えて世界進出をして小さな村を盛り上げたい
2,3271,石川県片野海岸をゴミの無い綺麗な海にして次の世代に残したい！
2,346,コアラを守りたい！～東山動植物園コアラ応援プロジェクト～
2,3489,エゾシカと共生のための「幸せなお肉」プロジェクト
2,3573,絶滅寸前の野生ウーパールーパーを視察し、保護・繁殖したい！
2,3590,原発NOを世界にアピールする広島千羽鶴再生紙カードを作りたい！
2,4513,死ぬまでに一度は訪れたい絶景「ウユニ塩湖」が今、危ない！
2,4655,安全な有機中国茶を守り育て、世界に広めたい！
2,4953,表浜海岸でウミガメが安心して産卵できる砂浜を皆でつくりたい！
2,514,カブトムシの森プロジェクト！
2,516,農業機械レンタルによるアフリカ貧困農家の所得向上プロジェクト！
2,5289,水源の森を守りたい！
2,5512,環境問題を改善！エコな生活を届ける「亜臨界アミノ酸液肥」促進
2,5594,リ・ファッションの東北支援拠点を作りたい！
2,5636,地球環境の危機的状況を京都から発信！アースエイドフェス2016
2,5755,森の妖精＜きこりの木馬＞を子供たちに贈りたい
2,5904,60年間枝が伸び放題の30本の桜を剪定！二子玉川の桜を残したい！
2,6001,産卵に来たウミガメが最悪死に至る悲劇〜表浜海岸の今を1冊に〜
2,6245,気候変動問題に向き合う国際イベントに海外の若者を呼びたい！
2,6285,都会暮らしの子どもたちに山のこと、自然のことを知ってほしい！
2,6325,絶滅危惧種コアジサシの保全プロジェクト！GPSで越冬地を調べる!
2,6335,海を挟んだ沖縄と台湾を結んで海とサンゴの展覧会を開きたい
2,6347,5年で生息数が1/5になった島根のアユが生きれる魚道を作ります！
2,6352,名古屋市内に残る野生のニホンリスを次世代につなぎたい！
2,6386,大阪の淀川に、国の天然記念物イタセンパラを再び泳がせよう！
2,6387,「全国学校・園庭ビオトープコンクール2015」を開催したい！
2,6469,千葉県の放置竹林をエネルギーに変え、農作物を栽培したい！
2,6478,高尾山自然公園で親子ネイチャーゲームイベントを開催したい！
2,6482,森林整備及び木育活動実施の為に軽トラダンプを購入したい
2,6531,地球の将来を担う子どもたちの環境教育を充実させたい！
2,6542,プラスチックのことを楽しく遊んで覚えられるかるたを制作したい
2,6556,環境汚染防止のために海技大学の大型機関で新燃料の研究をしたい
2,6662,世田谷区に不要品交換ができる場を作り、地域のゴミ削減へ！
2,6988,太平洋をキレイにするためのゴミ回収ヨットをつくりたい！
2,7046,絶滅と消費の問題解決に向け若手研究者を条約会議に参加させたい
2,7097,ネパールの貴重な自然、ハチミツが採れるチウリの樹を守りたい！
2,7130,海藻が作る「海の森」を知ってもらい、豊かな海を守り続けたい！
2,7186,人間にとって必要な存在である昆虫と家族になれる絵本を作りたい
2,7256,鶏が自由に地面を耕してくれるチキントラクターを普及させたい！
2,7315,象を絶滅から守るため、象のうんこのアート展を全国巡回させたい
2,7332,舞台は佐賀!!脱サラ農家が学生と共に食の安全を伝える映画を撮る
2,7364,"人口3,400人を下回る新潟県松代を早成桐でもう一度盛り上げたい!"
2,7487,一口オーナー募集！持続可能な暮らしを学べる研修施設を沖縄に！
2,7491,【第３弾】ウミガメ保護センターを表浜海岸にOPENします！
2,7495,神奈川県小田原市6000㎡の耕作放棄地を、桃の花で満開にしたい！
2,7537,CO2を削減するために太陽光発電を多くの人に知ってもらいたい！
2,7890,琵琶湖の赤野井湾を守ろう！オオバナミズキンバイ除去大作戦！
2,7961,日本に飛来する雁の調査開始から30年！コクガンの繁殖地解明へ！
2,8213,日本中の、拾えない場所の漂着ゴミを拾いたい。
2,8285,マレーシアのマングローブ林にある遊歩道を早急に修復したい！
2,8633,五感が震える食育プログラム、食の大切さを学べる場を作りたい！
2,8643,柴犬のルーツ「縄文柴犬」を守るための研修・繁殖を行います！
2,8644,"インドネシアの森と共に生きる""森の人""オランウータンを救いたい"
2,8667,使い捨てから再利用へ　キャンドルのリサイクルループを構築！
2,8670,農村の自然環境を整え「笑顔が集う場」に。神戸発！全国へ！
2,9051,レイクフィッシュ日本上陸！海を守る心を子どもたちに繋ぎたい
2,9097,鎌倉の海、大丈夫？貴重な生き物を守るためにガイドブックを作成
2,9164,南米ボリビアで資源ごみを回収する軽トラックを購入したい
2,9167,沖縄県宮古島、吉野海岸の美しい海を守り続けたい！
2,9499,防災、省エネ窓の普及で地域雇用と環境コミュニティーの創出！
3,10081,沖縄の太古の地下深層から採取された珊瑚浸透水を安定生産したい
3,10324,岩手県遠野市が誇る、5000本の無農薬のブルーベリーを守りたい！
3,10425,ホチキスのように自由にヘアをとめる次世代のヘアピン｢Hair Max｣
3,10924,走れ！ジビエカフェ。伊豆発キッチンカープロジェクト始動！
3,11560,敏感肌で悩む方へ…笑顔と輝きを取り戻す、無添加化粧品を販売！
3,11726,北海道石狩浜のハマナスの花と実からハーブティーを作りたい！
3,12239,新感覚！組み立て式北欧デザイン照明『IQ-Light +』で新しい光を
3,12475,世界唯一、九州阿蘇湧水の恵み「サクラン」で叶える超保水化粧水
3,12949,やっかいモノの海藻がお宝に！？海藻農法で育ったお野菜を全国へ
3,13230,"これ一枚で無限のスタイルを。麻生地の巻きスカート""Magic Wrap"""
3,13942,パレスチナ製！死海の泥を配合した無添加オリーブ石鹸を日本に
3,14025,環境に優しく林業の雇用促進にも役立つ『ペレット』を広めたい！
3,1442,北海道の蜜蜂とハーブのガーデンに休憩所やトイレを設置したい！
3,14660,青森県に咲き乱れる菜の花畑。みんなの手で守り続けていきたい
3,15714,グアテマラに手仕事の拠点を創り、失われた「天然染め」復活へ！
3,16204,農薬化学肥料不使用の黒にんにくを、あなたに味わってほしい！
3,16737,目指せ、減農薬！持続可能な農業モデルを、有田のみかん畑から。
3,17005,社会課題を解決！REBIRTH PROJECTオリジナルプロダクト！
3,17683,RICHBIT次世代電動ハイブリッドeバイク-先行販売
3,17751,人も地球も元氣にするビーガンバーガー第一号店を開店したい！
3,17997,棚田で作った「味付き餅」普及のため真空包装機を導入したい！
3,18164,西日本豪雨で被災した保育所の子供たちをカビの恐怖から守ろう！
3,18609,髪の美と健康を守る「髪とハーブの情報紙」を発刊したい
3,18696,駆除後廃棄されてしまう鹿肉で、ペット用無添加おやつを作りたい
3,19129,「ヒト」と「環境」に優しい、良質素材の天然派化粧品
3,19588,無農薬栽培の花を生かして、ラオスの農家さんの力になりたい！
3,19610,本当に人のためになるオーガニックブランドを立ちあげたい！
3,19864,富良野のツチカラ！廃棄する野菜を再利用して日本の未来を支える
3,20570,自然の恵みを大切にしたい！ベルト専門店が作るシンプルな牛革鞄
3,21809,最新型の次世代型ハイブリッドバイク＆薄膜ソーラーリュック
3,22161,マイ箸の次はマイつまようじ！「銀のつまようじ」を広めたい
3,22200,溶けて飲める福岡県産100％おからパウダーを飲んでほしい！
3,22812,ココナッツの花蜜蒸留酒を世界のお酒に！農家の生活を豊かに！
3,23753,手作り石鹸の「製造と販売の権利」を獲得するためのプロジェクト
3,24349,ベルト専門店が作る多目的レザーウォールポケット
3,24421,"耳の聴こえないパン職人が作る、""浦戸諸島""発の新商品を全国へ。"
3,24718,「モロッコの刺繍トートバッグ」でもっと女性職人に活躍の機会を
3,25318,幼い頃からの夢の実現へ。オーガニックドイツパンのお店を開業！
3,5560,日本の森を守り、国産植物による高品質芳香商品の開発を行います
3,6266,雪が降っても滑らない！雪用靴スパイクをお届けしたい！
3,6348,尾瀬で駆除されるだけの鹿の命を活かす！鹿革を使った商品造り！
3,6396,青森からまっ赤な農薬不使用りんごを全国の皆さまにお届けしたい
3,6582,木の実洗剤で日本の美しい自然を子供たちに残したい
3,6887,日本一緑が少ない大阪で体験型ミツバチファームをつくりたい！
3,8010,5000本のブルーベリーの木を守れ！岩手の獣害対策プロジェクト！
3,8142,愛犬・愛猫の現代病を「植物酵素＋乳酸菌サプリ」で防ぎます！
